userId,movieId,rating
138479,72998,2.0
138493,53125,3.0
138471,91529,2.5
138380,93363,3.5
138471,52722,4.0
138471,81847,5.0
138472,69844,4.0
138472,46530,3.5
138436,63113,4.0
138493,45722,3.5
138177,103384,4.0
138386,103042,4.0
138471,59501,5.0
138471,89745,3.0
138437,86880,2.5
138437,94777,4.0
138468,118696,3.5
138414,95510,2.0
138471,77866,2.0
138380,106489,4.0
138293,56171,4.0
138486,41569,3.5
138493,1721,4.0
138166,94018,3.5
138437,96079,3.0
138493,8636,4.0
138386,102125,3.5
138473,74789,3.5
138471,45499,3.5
138301,103141,3.0
138493,69526,4.5
138280,112370,2.5
138177,101112,1.5
138380,110553,4.0
138437,82461,4.0
138177,87876,5.0
138414,87430,1.5
138472,78499,3.0
138479,68791,5.0
138414,103249,4.0
138435,111362,4.5
138414,102445,4.5
138177,101025,3.5
138166,102407,3.5
138472,78105,3.5
138414,103228,4.0
138414,87520,1.5
138414,59615,3.0
138471,95167,4.0
138493,60069,4.0
138299,54648,5.0
138386,72378,2.5
138208,72294,2.5
133047,113345,4.5
138486,41566,3.5
138491,58559,3.0
138493,68954,4.5
138254,67408,4.0
138493,59315,4.0
138446,90866,4.0
138487,2701,3.0
138275,60937,3.5
138437,53993,3.0
138468,111759,4.0
138486,208,3.5
138437,70336,3.0
138472,77561,3.5
138471,94780,4.0
138177,111659,4.0
138380,112623,4.0
138070,106491,3.5
138380,110102,4.0
138386,78637,2.0
138414,115617,4.0
138471,97913,3.5
138164,8965,3.5
138472,76093,4.5
138479,6537,3.0
138414,112852,5.0
138468,109487,5.0
138485,79132,5.0
138471,98809,3.5
138474,4369,4.0
138472,64957,4.0
138471,87232,3.0
138414,79139,3.0
138386,45442,2.0
138386,53121,1.5
138471,82169,4.0
138474,4310,2.0
138493,53996,4.5
138393,8977,2.0
138472,54001,4.5
138486,40815,3.5
138414,60074,3.5
138486,56174,4.5
138493,30793,4.5
138493,50872,3.5
138493,33794,4.0
138254,62999,3.5
138166,68793,3.5
138493,68319,4.5
138493,6934,2.0
138414,106696,4.5
138493,6365,0.5
138380,106072,4.5
138457,68554,2.0
138416,86332,4.5
138254,63859,3.0
138166,70697,3.0
137277,93766,2.5
138380,94478,3.0
138386,74452,3.0
138254,55768,3.5
138299,87222,5.0
138386,78893,2.0
138471,45186,2.5
137879,103339,3.0
138103,85261,2.5
138208,48982,2.5
134290,109846,4.0
138476,7458,4.5
138177,95105,4.0
138472,5872,3.0
138486,1917,3.5
138493,5459,4.0
138386,55995,1.5
138471,91630,4.0
138177,98243,5.0
138437,42011,3.5
138472,7143,3.5
136268,116887,1.5
138457,68358,0.5
138486,5349,4.0
138414,112175,4.0
138437,34334,1.0
138472,60684,4.0
138493,1918,4.5
138493,6534,3.0
137732,101076,2.5
138397,32596,4.5
138478,4446,4.0
138446,88140,4.5
138485,3082,2.5
138456,6947,3.0
137185,98203,1.0
132886,91386,2.5
138468,60040,4.0
137805,103755,1.0
138414,84944,5.0
138414,117851,3.5
138472,54286,3.0
138493,59784,5.0
138380,106487,4.0
116057,130520,3.5
138493,34048,4.5
138464,6548,4.0
138414,90647,3.0
138103,79293,1.5
137500,110127,3.0
138297,90746,0.5
138472,8368,4.0
138416,63853,2.0
138103,102880,1.5
138478,3615,3.5
138468,119155,3.5
138446,81564,4.0
138486,4896,3.5
138103,103655,2.5
138493,6539,4.5
138177,116823,3.5
138493,45447,2.5
138299,110655,4.5
138493,6333,4.5
138437,86644,3.0
138471,91542,5.0
138436,76175,2.5
138474,2916,5.0
138476,2826,2.5
138177,91535,3.5
138489,1562,3.5
138493,3988,4.5
138472,8361,4.0
138486,3623,0.5
138485,3755,2.5
138493,53464,4.0
138437,97938,4.0
138414,51077,2.5
138477,6503,3.0
138437,94864,4.0
137865,5480,2.5
138380,103253,4.0
138493,8371,1.0
138301,108945,2.5
138254,59037,3.5
137301,82499,2.0
138414,79185,4.0
138414,101864,4.0
138493,33493,4.0
138493,5378,3.5
138493,4886,4.0
138414,103772,3.5
138493,2628,2.0
138177,101142,5.0
137865,73804,4.0
138397,5420,4.5
138166,113348,3.5
138435,104841,4.0
138474,1438,4.0
138456,46972,3.5
138464,1722,4.0
138482,3753,5.0
138456,8984,2.5
138459,33679,2.0
134274,130490,4.0
138493,30812,4.5
137662,82854,2.5
138437,83349,4.0
138301,109673,2.5
138299,88356,5.0
138164,7374,1.5
138307,90249,3.5
138299,104076,5.0
138474,1556,3.0
138414,106002,5.0
138386,53972,3.5
138493,4993,4.0
138176,8526,4.0
138416,5009,2.5
138471,6951,1.5
138486,8644,4.0
138437,33162,4.5
138491,3157,2.0
138208,72737,3.0
138437,34319,3.5
138162,4268,2.0
138482,3717,3.0
138477,3578,5.0
138477,5445,5.0
138486,5816,3.5
138472,49272,3.0
138493,4643,3.5
138486,589,3.0
138325,69640,3.0
138472,55765,4.0
138486,380,3.5
137893,69306,3.0
138166,82852,3.5
138208,79592,2.0
138480,786,4.0
138437,99114,5.0
138469,783,3.0
138471,4016,5.0
138437,91485,3.0
138493,8972,3.0
138386,49649,2.0
138436,71745,1.0
138414,102720,3.5
138301,82202,2.0
138474,3113,4.0
138472,49530,4.5
138380,106782,4.5
138484,153,3.0
138493,1676,4.5
138406,97752,4.0
138177,80615,3.0
138386,8666,1.0
137031,112911,3.5
138208,5882,2.0
138020,69278,4.0
138166,112897,3.5
138254,31698,2.0
114065,117466,2.0
138437,5523,0.5
138472,74795,3.5
138490,1834,4.0
138437,4270,3.0
138477,5956,5.0
138301,92243,3.5
138254,53460,3.5
138404,8373,2.5
138477,5010,4.0
138437,96110,3.5
138493,1527,4.5
137186,78174,1.0
138471,3483,3.5
138299,95543,5.0
127138,130073,4.0
138472,72731,3.5
138493,6377,5.0
138493,7153,4.0
138493,5952,4.0
136074,119655,5.0
138493,4367,4.0
137277,110730,2.5
138464,4638,4.0
138472,88744,3.5
138254,58105,4.0
138103,100498,2.5
138435,7379,3.5
138491,8961,2.5
138432,15,3.0
138200,74530,3.0
138493,1580,4.0
138493,3114,3.5
138162,81782,4.0
138474,4701,4.0
138459,3798,1.0
138471,71264,5.0
138493,69644,3.0
138186,106918,4.5
138493,3977,4.0
138493,48516,5.0
138474,1907,5.0
138472,61132,3.5
138416,91658,4.0
138486,165,4.0
138472,73017,3.5
138464,4366,4.0
138301,64983,3.0
138414,59900,4.0
138477,4370,5.0
138404,6958,3.0
138493,1584,3.0
138482,3826,1.0
138434,27821,4.0
134497,104074,3.0
138493,6564,4.0
138485,1479,3.5
138418,4901,4.0
138477,3354,4.0
138414,86298,2.5
138474,3156,5.0
138474,1515,4.0
138385,1488,4.0
138437,5479,3.0
138449,1587,3.0
138457,33660,4.5
62925,107217,0.5
138473,6565,4.0
138486,736,4.5
138486,4022,4.5
138416,49274,2.0
138486,8665,3.5
138464,1608,5.0
138492,4963,4.0
137031,90403,4.0
138414,97225,3.0
138254,56152,3.0
138301,92507,2.5
138454,3991,1.0
137879,90717,2.0
138456,49286,5.0
138474,2353,5.0
138154,73015,4.5
138493,53322,4.0
138254,48414,3.5
138380,108190,3.5
138470,4223,4.0
138188,6764,1.0
138483,485,2.0
138323,41571,2.5
138437,46335,3.5
137277,91414,3.0
138474,2340,5.0
138418,5093,4.0
138440,2971,3.0
136989,94015,1.0
138471,79702,1.5
138416,6264,3.5
138335,3821,3.5
138477,5419,1.0
138437,96737,4.0
138437,45672,0.5
138486,3016,5.0
138386,80617,1.5
138437,58025,1.0
138471,57640,3.5
138437,51540,4.0
138454,3986,2.0
138458,6373,4.0
138301,79695,2.0
138486,648,1.5
138446,91500,4.0
138386,86911,3.0
138493,1377,4.0
138254,45431,3.5
138493,5444,4.5
138200,49647,3.0
138469,1876,3.0
138166,103810,3.5
138232,33646,3.0
134506,91671,3.5
138166,104218,3.5
138254,60126,1.0
138493,7149,4.5
138472,74458,5.0
138200,64032,3.0
138437,32031,1.5
138467,1573,3.0
138254,65088,3.0
138477,5464,4.0
137807,85367,2.0
138458,1552,4.0
138307,62081,3.0
138493,7162,4.5
138472,73321,4.0
138474,1702,4.0
138474,2719,4.0
138485,673,2.0
138200,43836,1.5
138254,64497,2.5
138493,1597,4.5
138380,115210,3.5
138493,1894,3.0
132953,83177,4.0
138397,5389,4.5
135780,87867,4.0
138474,1831,5.0
138397,8781,4.0
138176,2175,3.0
138464,3159,3.0
138493,5171,4.5
138474,2429,4.0
138474,4344,4.0
138493,39435,4.0
138474,2297,5.0
138474,3979,4.0
138301,36401,2.0
138493,1391,4.0
138474,1615,4.0
138414,71530,3.5
138418,4033,5.0
138474,798,4.0
123352,116213,4.0
138418,3593,1.0
137686,6946,3.5
138154,73000,2.0
138404,6959,3.5
138404,1726,4.0
138432,2384,3.0
138411,3981,3.0
137758,50162,4.5
137802,76054,4.0
138254,27618,2.0
133896,110968,1.5
138478,4995,4.0
138493,364,4.0
135765,92681,3.0
138299,105468,4.5
138477,5630,3.0
138437,7324,3.0
136946,90890,2.5
138473,6383,1.5
138486,54771,4.5
138325,3754,1.5
138470,6541,2.5
138299,103335,5.0
138493,780,4.0
138474,1544,4.0
138416,33615,3.5
138472,48774,2.5
138493,3793,4.5
138459,60072,2.5
138484,733,3.0
138493,44022,4.0
138493,7293,5.0
138493,52975,4.0
138298,8815,3.5
138474,2720,4.0
138380,102903,3.5
138166,79134,3.5
138493,8529,4.5
136054,66304,3.0
138418,3999,3.0
138437,56788,4.0
138493,8907,4.0
138208,49824,4.0
138404,32019,3.5
138457,41997,3.0
138397,6213,5.0
137425,78041,3.5
138456,27808,2.0
138211,46948,3.0
138477,4844,4.0
138484,168,1.0
138479,3155,0.5
137031,90888,3.5
138103,32029,1.5
138464,3745,4.0
138135,6484,2.5
138432,2322,2.0
138254,73168,4.0
138208,4158,1.0
138200,27837,4.0
138482,3994,5.0
138416,85510,3.5
138474,2126,5.0
138474,1779,5.0
137994,57951,5.0
138208,66509,3.0
138254,54736,3.5
138437,46970,3.5
138404,4368,4.0
138493,110,3.0
138493,40278,4.5
138472,54272,4.0
138464,4994,3.5
138418,4265,4.0
137480,8534,4.0
138473,8783,3.0
138487,1911,3.0
138493,5502,4.0
138493,8360,4.5
138493,45517,2.5
138464,2724,3.0
138477,5507,1.0
137805,129370,1.0
138474,832,4.0
138472,68157,4.5
138459,3489,4.0
138474,1370,5.0
138477,6595,4.0
138477,4975,5.0
138103,45730,3.5
138493,8810,3.0
138205,73042,2.0
138418,5152,5.0
138301,101362,2.0
138474,2393,4.0
138301,85131,3.0
138473,7147,4.5
138484,382,3.0
138325,91126,4.0
138280,108928,4.0
138474,1127,4.0
137662,80590,3.5
138414,114795,3.0
138411,2334,3.5
138457,54259,3.0
138437,1619,4.0
137807,83910,3.0
138208,5414,3.0
138437,37380,1.5
138295,5803,1.5
138103,91974,3.0
137746,95307,2.5
138418,5107,4.0
138166,89840,3.5
138418,5094,1.0
137977,5609,3.0
138404,1752,4.5
138432,4719,2.0
111088,111439,1.5
124943,120637,3.5
138471,8865,3.5
138307,44759,3.0
138301,105653,3.0
137200,110295,3.5
138477,5400,4.0
137893,78772,3.0
138474,4448,5.0
138471,79091,3.5
138484,20,3.0
138301,74624,2.0
138486,2723,4.0
137893,85022,3.0
138490,3006,5.0
138301,62374,2.5
137865,79428,1.0
138416,95207,4.5
138467,2605,1.0
138479,1909,5.0
138254,54686,3.5
138493,2028,4.0
137025,109850,4.0
138493,4018,4.5
138493,5218,4.5
138437,6250,3.0
138386,98154,4.0
138493,2571,4.5
138493,150,4.5
138437,5804,1.5
138406,99149,3.5
138493,2424,5.0
138166,60756,4.0
138493,2006,4.0
138166,81537,3.0
134552,118702,3.0
138474,3827,4.0
138493,434,4.0
138484,95,3.0
138254,3784,3.5
138275,46974,3.5
138456,7154,2.0
138164,94677,3.0
138459,2712,0.5
137805,120132,3.0
135722,129354,2.5
138301,93326,2.0
138470,8985,2.0
138449,3441,3.0
138390,1810,4.0
138166,96691,3.5
138254,61248,4.0
138467,1047,3.0
138330,3998,4.0
138109,40851,4.0
138493,2959,5.0
138162,49793,3.5
130836,119565,4.5
138208,7000,1.0
138146,3975,2.0
133047,108689,4.5
138301,37736,1.5
138397,31221,3.0
137277,113573,2.5
138390,2906,1.0
138414,48997,3.0
138477,5481,2.0
138177,72209,3.0
138493,480,4.5
138483,383,3.0
138484,349,4.0
138486,46865,2.5
138464,3555,4.0
138484,11,4.0
138254,58315,2.5
138474,4159,5.0
138232,52245,4.0
138103,86059,1.5
138493,51662,4.5
138470,30825,3.0
138207,65230,3.5
138493,3147,4.0
138164,51575,0.5
138254,40339,3.5
138468,112556,5.0
138486,5418,3.5
138484,10,3.0
138487,2688,5.0
138493,1682,4.5
138487,2394,5.0
138437,6338,0.5
138301,103883,3.5
138464,4386,4.0
138459,6378,2.5
138456,5957,3.0
138487,2294,3.0
138301,71668,3.5
138452,1100,3.0
138456,42009,2.5
138162,80551,2.5
138459,4023,2.5
138472,81229,3.5
138482,3173,2.0
138317,1727,2.0
138472,8798,3.5
138477,5313,1.0
138289,8908,4.0
138380,99112,3.5
138491,2722,1.5
137202,72131,4.0
138472,89470,4.5
138335,6013,0.5
138457,66097,1.0
138251,60037,0.5
138473,7445,4.5
138486,44399,3.5
138406,7325,3.5
138487,1359,3.0
138472,7373,3.0
138490,2433,4.0
138414,96281,3.0
138474,1687,5.0
138307,7163,1.5
138483,140,2.0
138103,65577,2.0
138477,5621,2.0
138483,204,3.0
137301,108188,3.0
138493,1690,4.0
138436,51935,2.5
137322,114552,4.5
138254,2316,4.0
138301,108932,2.0
138254,32296,2.5
138471,5463,4.0
138103,99728,2.5
138254,69436,3.0
138472,72733,4.0
138472,68159,4.0
138301,67193,3.0
138474,2498,4.0
138307,45062,1.0
138103,72701,2.5
138436,5944,4.0
138459,6873,1.0
135828,96693,3.0
137277,74156,3.0
138432,879,3.0
138477,5900,2.5
138459,61697,4.0
138382,1833,4.0
138148,68932,3.0
138482,3978,4.0
138490,3897,4.0
138166,46337,3.0
138254,33158,4.0
138301,86835,1.0
138464,6536,4.0
138467,1590,4.0
138346,5127,3.0
138295,48142,2.0
138289,48319,4.0
138418,4866,5.0
138482,3190,1.0
134690,109191,3.5
137200,104312,5.0
137839,60516,1.5
138493,34143,2.0
138441,2567,4.0
138414,65685,2.5
138254,61401,3.0
121350,125914,4.0
138254,57326,2.0
136268,6886,2.0
138289,34536,4.0
138208,2306,1.0
138280,114662,4.0
138459,36525,1.5
138404,3564,2.0
138493,2404,4.5
138208,58839,2.0
137277,72919,2.5
138301,102481,3.0
138195,80363,2.0
137746,92234,2.5
138493,1645,4.5
137343,96616,3.5
138467,653,2.0
138289,8968,4.5
138414,92938,2.0
138148,4727,2.0
138208,32017,2.5
138103,7376,3.5
138493,356,5.0
138205,56176,2.5
138486,3948,3.0
138493,48,3.0
138478,2640,2.5
138493,788,4.0
138456,31685,3.5
138474,1588,4.0
138429,6586,2.5
138280,105504,4.5
138154,76293,3.5
138488,158,3.0
138301,112171,3.5
138456,5943,4.5
138490,161,3.0
138472,47099,4.5
138307,37727,2.5
138484,225,4.0
138493,1835,4.5
138493,6874,5.0
138474,2770,5.0
138493,7438,5.0
138493,4673,4.0
138474,3258,4.0
138474,3624,4.0
138480,494,3.0
138103,87483,3.5
138406,59103,2.0
138177,106240,3.0
138493,1320,4.5
138441,1416,3.0
138485,2278,2.0
138467,1049,2.0
136268,117887,4.0
138437,95720,3.5
138103,6219,3.0
138474,2676,4.0
138459,7150,2.5
138166,58156,4.0
138103,94833,2.0
138472,63062,4.5
138493,836,3.5
138406,782,4.0
138459,30816,4.5
138301,55274,3.5
138493,37386,2.0
138397,6186,4.5
138418,1427,2.0
131894,69304,4.0
137805,110297,3.5
137854,8782,2.0
137805,83086,2.5
138325,27721,4.0
138467,2729,2.0
135765,7477,2.0
138418,5254,5.0
138436,64716,4.5
138103,91483,2.0
138472,2023,3.0
138456,39231,3.5
138456,45726,3.0
138485,2641,2.5
138098,6587,0.5
137525,48326,3.0
138474,3744,3.0
138493,1688,3.0
138477,4308,4.0
138215,4885,5.0
138301,48783,3.0
138439,71838,1.0
138486,52281,4.0
138230,2314,5.0
137277,52724,2.5
138493,5989,4.5
138435,98961,4.5
138205,45501,3.5
138200,60397,4.0
138207,74450,4.5
138208,34520,1.0
138485,2427,3.5
138166,88785,3.5
138493,3174,5.0
138484,16,4.0
138301,74851,2.5
138397,6294,4.0
138493,3752,4.0
138164,47264,1.5
137109,49282,1.5
138200,72407,3.5
138493,4306,4.5
138301,84954,3.0
138452,1027,4.0
138490,1393,4.0
138437,95441,3.0
138492,1784,4.0
138456,2431,3.5
138177,107348,5.0
138474,5449,4.0
138472,87306,4.0
138486,3408,3.0
138459,6155,1.0
138380,112138,4.5
138493,253,4.5
138386,64969,3.0
138459,2432,3.0
137805,118997,1.0
138439,44199,2.5
138486,2490,1.5
138484,160,2.0
138208,91653,3.0
138301,67197,2.0
138456,44004,1.5
138493,27839,4.0
138472,88163,3.5
138254,8372,2.5
138162,8978,0.5
138472,89492,4.0
138486,292,3.5
138301,109578,3.5
138254,70305,3.5
138472,44191,4.0
138436,6156,4.0
138134,43869,3.0
138493,33830,3.0
138317,4814,3.0
138414,100163,3.0
138208,5364,2.0
138380,85056,3.5
138470,40583,1.5
137805,115664,3.5
138307,43871,1.5
138417,1459,3.0
138474,1586,5.0
138493,1625,5.0
138486,45081,4.5
138459,3861,1.0
137758,93831,4.0
138450,2058,3.0
136946,114033,4.0
138484,420,2.0
138491,2004,1.0
138280,115170,5.0
138474,1616,4.0
138429,8861,3.5
138456,8969,3.0
138200,6862,4.0
138397,7725,2.0
136015,33681,0.5
138421,3285,1.0
137828,8362,2.5
137968,72489,4.0
138390,2861,3.0
138474,762,5.0
133811,77665,2.5
137879,81512,2.0
138211,5312,4.0
138484,23,4.0
138254,50804,4.0
138474,2961,3.0
138177,101577,4.0
138335,6263,4.0
138162,5506,4.0
137717,66198,3.5
138485,849,2.5
138474,2761,4.0
138437,30810,5.0
138477,6187,2.5
138103,31867,3.5
117144,129937,3.5
138343,55118,4.0
138103,37853,4.0
138444,3053,2.0
138208,87529,1.0
135595,90578,3.5
138317,1667,4.0
138254,5096,3.0
138490,191,3.0
137879,81641,3.0
138437,37382,2.5
138484,132,3.0
138472,71254,3.0
137805,100487,0.5
138418,5265,3.0
137869,7257,4.0
138285,3326,3.0
138103,84942,3.0
138254,66639,2.0
138437,4887,3.5
138103,7193,2.5
138472,68073,4.0
138481,4034,4.5
138493,1291,4.5
136607,97936,4.5
133047,120466,4.5
138487,3005,5.0
138459,5266,3.0
138444,2890,4.0
138470,4728,4.0
138493,4874,4.0
138493,4992,4.5
138456,3968,3.0
138397,4690,4.0
138471,54997,4.5
135780,120635,5.0
138474,1912,4.0
138493,784,4.0
137202,6682,4.0
138474,2616,4.0
138477,2763,3.0
138493,4867,3.0
138493,2403,4.5
138406,3503,4.0
137079,50149,3.0
138368,92,2.0
138479,1569,0.5
138456,4639,2.5
138493,5388,4.0
138480,1356,4.0
137746,78467,3.0
138456,647,2.0
138474,1485,5.0
138485,355,2.0
138103,96861,3.0
138429,6888,3.5
138477,4025,4.0
138254,60514,3.5
138293,8808,4.0
138477,2803,2.5
138484,350,3.0
138472,56587,3.5
138464,3256,5.0
137893,33499,3.0
138301,104879,3.0
138462,4776,4.0
138467,3175,4.0
138474,4388,4.0
138471,91094,5.0
138486,2167,4.0
138254,31225,4.0
138477,5293,3.0
138474,1499,3.0
138459,3825,2.0
138493,6942,5.0
138493,2355,4.0
138493,4865,4.5
138493,315,4.0
138474,852,4.0
132020,26198,3.5
138011,33495,4.0
138493,33004,2.0
138471,30883,1.5
138486,55232,4.0
137879,111617,2.5
138134,42732,4.0
138484,376,3.0
138455,60,3.0
135828,95583,3.0
138289,8860,4.5
138464,6550,3.5
138103,47124,2.5
138489,2021,4.0
138437,54190,3.5
138457,65130,4.0
138457,43936,2.5
138301,61350,1.5
138474,1004,3.0
138474,719,4.0
132599,70282,4.0
138406,4056,4.0
138208,42002,2.0
138404,761,4.0
138397,4031,2.5
138483,14,3.0
138301,74545,5.0
138450,1762,3.0
134773,61991,2.5
137869,50005,3.5
138254,61465,3.0
138208,4774,3.0
138200,56001,4.5
138474,1055,4.0
138166,90522,3.5
137227,120222,0.5
138348,97304,4.0
138484,457,4.0
138148,75805,1.0
138490,1061,4.0
138493,2402,4.0
138483,79,3.0
138493,596,4.0
138397,5184,4.0
138493,42738,4.5
138456,4019,4.5
138456,3534,5.0
138301,33437,4.0
138459,5296,2.5
138490,454,3.0
137129,79588,3.5
138380,85020,3.5
138380,93510,4.0
138456,2671,4.5
138493,3751,4.5
138470,7173,3.0
138483,122,2.0
138177,103372,3.5
138454,4274,2.0
138166,97836,4.0
138100,5282,5.0
138456,1353,4.0
138134,5065,3.0
138301,69784,4.0
138449,2990,5.0
138186,85397,2.5
138208,4167,2.0
138474,546,4.0
138472,36529,3.5
138493,7090,5.0
138103,92264,3.0
138166,119141,3.5
137031,83374,3.5
138301,76173,2.0
138477,5810,4.0
138474,4299,3.0
138166,6686,3.0
138487,2762,5.0
138307,91978,1.5
137301,93287,3.0
138493,2420,4.0
138348,106916,3.0
138386,69406,3.0
138489,2881,3.5
138486,2011,5.0
138380,111360,3.5
137805,125916,1.0
138254,6566,3.0
138480,805,5.0
138456,7161,4.0
138301,107069,2.5
138490,3255,4.0
138472,80463,4.0
138343,66203,3.0
138459,44972,0.5
138482,3273,5.0
138492,2012,1.0
136690,131013,3.5
138467,1339,4.0
138293,70293,4.5
136989,101895,1.0
138493,3176,5.0
138280,116977,1.0
138289,43917,4.0
138435,1408,5.0
138331,8958,4.5
138475,32587,3.5
138472,58103,4.0
138472,67087,3.0
138477,4890,1.0
138490,3386,3.0
138246,43558,0.5
138477,4161,3.0
138457,68135,3.0
138177,110771,3.5
138307,71252,3.0
138493,4958,4.0
138208,78209,3.5
138387,8916,3.5
138474,1920,5.0
138493,1591,3.0
138418,5064,4.0
138233,84392,3.5
138186,84601,3.5
138493,48780,5.0
137277,117590,2.5
134497,100611,1.5
138493,48304,3.5
138449,4005,5.0
138301,79057,2.0
138411,6308,3.0
138493,7347,4.5
138493,45668,3.5
138486,34532,3.0
136684,96430,3.5
138200,59333,3.5
136599,112316,4.0
138456,1672,4.0
138459,6952,1.0
138493,1693,3.0
138411,2822,3.0
138493,56801,3.0
138491,374,2.5
138456,3824,2.5
138414,51084,3.0
138414,84772,5.0
135336,99106,4.0
137807,86295,2.5
138474,2505,4.0
138491,1093,4.0
137129,112788,4.5
138482,3299,3.0
138307,88932,3.5
138473,2805,0.5
138474,3969,3.0
138456,32598,4.0
138164,58655,2.0
137746,111743,3.5
138493,533,4.0
138186,91325,2.5
137746,81784,1.5
138298,40574,5.0
138490,3879,3.0
138456,40826,3.5
138088,3857,3.0
138365,2574,3.0
138397,880,4.5
138404,4756,3.5
138301,58154,2.5
138493,4155,4.0
137525,52283,3.5
138325,8042,4.5
138483,516,3.0
137529,89087,3.5
138450,1881,2.0
137686,5563,3.0
138441,2445,2.0
138254,7175,3.0
138368,100,3.0
138483,193,1.0
138202,45880,3.5
138484,259,3.0
138418,3946,2.0
138177,99145,4.5
137976,4123,4.0
138472,72226,4.5
138456,5324,3.0
138208,6734,1.0
138493,4973,5.0
138072,7453,0.5
138437,8948,2.0
134497,92335,4.0
138215,2546,1.0
138283,5556,1.0
138254,72165,4.0
138246,6763,1.5
127535,63481,3.0
138382,3403,3.0
138441,2807,1.0
138304,71135,3.5
138301,5046,3.0
135976,5880,1.5
138202,4240,3.5
138472,52328,3.5
136946,95067,2.5
132599,64652,3.0
119655,130578,2.0
138103,48522,2.5
137953,52458,5.0
138483,170,3.0
138254,55116,4.5
138492,471,4.5
138254,60020,4.0
129583,52016,2.0
138301,107406,3.0
135478,92944,3.5
137746,8871,3.5
138493,353,4.0
138436,70599,3.5
138200,50802,3.0
138103,97172,1.5
138437,34405,4.5
135530,7315,3.0
138491,2642,1.5
137200,107702,2.5
137802,61026,2.5
138459,5620,1.5
138472,70183,3.5
138486,637,3.5
138462,5504,1.0
138484,329,3.0
136268,102088,2.5
137758,86548,4.5
138490,3178,3.0
138346,5387,3.0
138208,4228,1.0
138189,4305,4.0
137501,4991,4.0
138493,3355,4.0
138302,1003,4.0
138477,4757,2.0
138436,72395,0.5
138456,86,3.0
138486,2288,4.0
138301,104243,3.0
138382,1661,3.0
137342,4962,3.0
138301,62376,2.5
138301,96728,3.5
131904,59116,2.0
137229,62799,3.5
138472,80489,4.0
138153,95199,3.0
138457,61323,2.0
137746,58972,2.5
138301,104913,4.0
138490,3160,3.0
138208,74532,1.0
134219,91886,4.0
138472,63992,3.0
138346,5108,4.0
138444,2860,3.0
138380,104211,4.5
130908,69809,2.0
138291,1518,4.0
138411,7573,2.5
138472,76077,3.5
89402,117194,3.0
138474,3316,4.0
138103,6280,3.0
138397,1401,2.5
138330,3185,3.0
137807,84395,3.5
138493,1653,5.0
138208,3239,1.0
137343,60649,2.5
138208,6265,1.0
138459,69122,4.0
138486,2683,4.0
138493,592,4.0
127256,94965,3.5
138493,2002,4.5
138472,72641,3.5
138464,4232,3.0
138437,87869,4.0
138471,82459,3.5
138459,45720,3.5
138443,1371,3.0
138177,100390,3.0
138477,1343,3.5
138254,58803,3.5
138200,32298,3.0
138490,1183,3.0
138487,1617,3.0
138307,34332,4.5
138474,1614,4.0
138484,196,4.0
138486,1347,4.5
138477,3863,3.0
138493,1801,3.0
136875,80839,3.0
138254,51939,3.5
138162,6887,2.5
138380,88405,4.5
138166,107141,3.5
138490,3246,3.0
138103,99117,1.5
137277,72696,2.5
138493,65682,4.5
138472,53974,3.5
138194,44840,4.0
138459,34336,1.0
138474,1466,5.0
138486,5219,4.5
138486,1994,4.0
138254,7367,3.5
138254,62394,4.0
138414,90405,3.5
137045,78264,3.5
137301,86817,4.0
138459,4899,4.0
138397,5139,3.5
138474,393,3.0
138493,5995,3.0
136268,49524,1.5
138134,33164,2.5
138459,8981,2.5
137746,90719,3.5
138436,61262,4.0
138254,5128,3.5
138429,3697,3.0
138254,57526,4.0
138474,2496,4.0
138416,4941,2.0
138456,7366,3.0
136054,97742,3.0
138467,1711,4.0
133846,79463,3.5
137944,6997,4.5
138325,60760,2.0
138471,7380,4.0
136946,90524,4.0
138164,36397,3.5
138470,3317,4.5
138254,59014,2.5
138301,99957,3.0
138254,32011,4.5
138307,96417,3.0
138397,5611,5.0
138103,100108,2.5
138459,8866,1.0
133846,77820,2.0
123352,97966,2.5
138397,4275,3.0
138148,55946,3.0
138397,6518,5.0
138208,56805,3.0
138477,5016,4.0
138397,4721,4.0
138446,68269,5.0
138472,71573,2.5
138437,86898,3.5
137885,2196,1.0
138301,109072,2.5
137525,6703,4.0
138254,64231,2.0
137870,47384,1.5
137528,1525,3.0
138472,49130,3.0
138397,7030,4.0
138083,3761,5.0
138342,1480,4.0
138317,5809,3.0
134279,5196,4.5
138483,715,2.0
137934,3117,4.0
136994,81819,4.5
137255,43419,3.0
138380,114180,3.5
111963,129737,2.0
138490,412,4.0
138493,48043,4.5
138382,2835,4.0
138103,98054,2.0
138473,65261,5.0
138493,2827,4.5
138382,3579,4.0
132509,99087,2.5
136268,106839,3.0
138406,2929,4.5
138472,2268,3.0
138418,4224,4.0
138474,3646,3.0
137732,91660,2.5
138437,98373,3.5
138325,46965,2.5
138382,3895,3.0
138406,7439,3.5
136437,38388,4.0
138103,94405,2.0
138487,2598,5.0
138493,1210,5.0
138254,58297,4.0
138472,64622,4.5
138103,94953,3.5
138477,6936,4.0
138484,802,5.0
138437,5048,0.5
138474,3087,5.0
138437,45666,3.0
138437,86833,4.0
138380,102123,3.5
138493,2840,3.5
138474,3980,5.0
134219,87785,2.0
135478,103055,2.0
136015,85399,0.5
138472,85414,4.0
138219,3250,3.0
138493,51086,3.5
137277,108825,3.5
138397,7104,3.5
138162,39307,3.5
138459,37733,4.0
138437,36519,2.0
138452,303,3.0
138307,7450,2.5
138474,2976,5.0
138301,75985,3.0
138386,57223,0.5
138329,885,5.0
138186,101283,4.0
138030,1489,2.0
138467,3145,4.0
138301,50064,3.0
25978,110229,3.0
138474,1208,5.0
137893,80241,3.5
138483,62,3.0
138467,1959,4.0
138301,97923,4.0
138449,3638,5.0
138380,109374,4.0
138418,4815,4.0
138487,2699,3.0
138486,3510,3.0
138492,21,3.0
138477,5991,4.0
138487,2694,5.0
138477,4718,1.0
138493,1,3.5
138488,377,3.0
136946,92509,4.5
132187,74131,4.0
138456,3916,5.0
138472,1610,4.0
138280,104337,4.0
138456,8528,4.0
138493,2124,4.0
138493,19,4.0
138404,4700,4.0
138459,830,2.0
138486,47,3.5
138493,70286,5.0
138335,8974,0.5
138493,6870,4.5
138486,30707,3.5
138489,2539,3.5
138473,8533,4.5
138457,56949,2.0
136866,70334,5.0
138382,3990,2.0
138438,3528,4.0
138484,266,3.0
138472,72011,4.0
138493,5945,4.5
138177,99007,3.5
138414,96610,4.5
138270,4153,2.0
138493,34,3.0
138148,96121,3.0
138472,58998,2.0
138254,34534,4.0
138457,59258,3.0
138464,1888,1.0
138200,65585,2.5
138437,8814,3.5
138473,7444,0.5
138437,86882,4.5
134290,110130,3.0
138477,4239,4.0
138459,2497,0.5
138491,1373,0.5
138404,5458,3.5
138483,370,2.0
138449,2376,5.0
138493,38038,4.5
138200,56941,5.0
138397,31223,4.5
138457,55052,4.0
138182,78316,4.0
138449,4572,4.0
131347,93980,2.5
138493,37729,3.5
138126,42730,5.0
138307,68952,2.0
138456,6753,4.5
138070,80222,1.0
138477,5524,3.0
138472,46976,3.0
138486,55282,4.5
138437,93840,4.5
138254,57532,2.0
138411,3104,5.0
138449,3698,5.0
138461,2746,4.0
138301,86190,3.0
138386,1681,2.5
138148,87522,3.0
135828,105731,3.5
137953,44613,4.0
137686,48161,3.0
138270,4341,1.0
138414,71057,3.5
138301,100383,4.0
138200,7375,2.0
137717,88267,4.0
138436,6482,3.5
138474,1883,5.0
134497,113207,4.0
138270,2272,3.0
138484,338,3.0
138325,45732,2.0
133047,112727,5.0
136875,84613,2.0
137419,8799,4.0
137879,94266,2.5
137343,8864,1.5
138004,81788,3.0
138437,43928,1.0
138289,31420,4.0
138360,1769,3.0
138474,809,4.0
138295,5478,3.0
137758,82167,4.0
138254,53207,4.0
138472,39234,4.0
138404,7381,3.5
138436,78266,3.0
138479,2450,3.5
138254,62792,3.5
138134,36509,2.5
137396,6493,2.5
138246,8836,4.0
138208,89030,3.0
138325,42418,4.5
138437,2549,2.5
138382,2446,4.0
138254,67867,3.0
138103,99910,1.5
138406,7449,3.0
138456,7169,3.5
124614,97462,0.5
138103,37475,3.0
138414,69951,3.5
138343,82527,3.5
134773,105351,3.0
138464,4052,5.0
138481,1242,4.0
138454,1227,1.0
137277,101137,3.0
138254,30850,5.0
138436,6279,5.0
135420,36392,0.5
138164,50160,3.5
137342,41575,5.0
138254,50003,2.5
138437,55363,4.0
134690,98755,4.5
138148,79541,4.0
133047,128488,5.0
136074,90624,4.0
79570,129830,3.0
134210,56370,4.0
94891,115220,2.5
136268,27408,3.0
138493,40819,4.5
138477,3536,3.5
138404,1848,4.0
138437,64620,3.5
137501,5529,2.0
138406,4095,4.0
138454,2883,3.0
137525,8967,1.5
138436,27788,4.5
138493,588,4.5
138493,2115,4.5
138474,2354,5.0
138418,4238,4.0
138493,6709,4.5
138486,1036,4.5
138459,63131,3.0
137277,70984,3.5
138437,7263,3.0
138486,7360,5.0
138456,4069,4.0
137277,110039,2.5
138477,4979,4.5
138406,6323,3.5
138166,106330,3.5
138449,2989,5.0
138456,4823,4.5
138474,379,4.0
138477,4816,3.0
136070,100527,4.5
138474,2052,5.0
137868,54276,5.0
138472,76251,4.0
138208,88812,3.0
138382,4030,3.0
137717,115381,3.0
138456,40629,5.0
138483,541,4.0
138484,151,5.0
136511,109569,4.5
138200,55272,4.5
138382,3956,4.0
138254,6299,1.0
138200,43930,2.5
138474,2889,3.0
137662,74580,2.5
138208,1583,1.0
138397,4735,5.0
138444,1730,4.0
138307,62113,2.5
138380,104241,4.0
138254,58743,3.5
133047,110826,5.0
138404,7570,3.5
138472,52973,4.0
136754,69712,3.5
137277,57949,2.5
137760,7087,3.5
138459,49961,3.5
137671,55284,3.5
138446,1372,3.0
138208,5415,3.0
138467,1620,3.0
138492,1220,5.0
136439,61071,3.0
119048,91873,3.0
138477,5377,4.0
138421,2713,3.0
138472,44665,4.0
138455,1231,3.0
138307,90645,3.0
138493,2161,3.5
138493,1748,5.0
138293,62293,3.5
138474,2093,5.0
138208,1804,2.0
137738,76030,0.5
137294,8831,4.0
137592,55732,5.0
136015,89002,1.0
138200,5678,2.5
138330,3115,4.0
138103,8369,3.0
136957,58432,3.5
137717,7152,3.0
42890,129415,4.0
138299,65802,4.5
138456,6593,3.5
138486,35836,3.5
138477,2396,2.0
138301,114246,4.5
138459,7004,4.0
138468,61024,3.5
138471,2125,4.0
138397,6617,5.0
138479,3686,4.0
138443,7980,3.0
138325,35957,3.0
138307,6058,3.0
138492,4027,5.0
138386,73929,1.5
137481,102033,2.0
138456,30822,4.0
138411,7027,4.0
138472,72605,3.5
138067,7345,1.5
136764,91628,3.0
138477,4699,3.0
137277,93982,2.0
137746,7294,2.0
138493,405,3.0
137377,1351,2.0
137893,26973,4.0
138146,4733,3.0
138430,711,1.0
138470,36517,2.5
138493,7318,4.0
138486,500,4.5
138493,1961,4.0
138472,64614,3.5
138208,62437,2.0
138457,59369,2.5
130746,115147,5.0
138417,3257,4.0
138493,527,5.0
138343,88810,3.5
134297,105742,3.0
138437,7369,1.5
71432,121023,2.5
138476,6615,3.5
138350,4990,3.0
138470,57368,3.0
138476,3439,0.5
138467,2194,4.0
138473,55820,5.0
137025,108156,5.0
138477,4246,4.0
138493,4014,4.0
138459,6535,0.5
134150,99415,1.0
138246,84374,3.5
138484,553,5.0
138472,3452,1.5
138486,1350,5.0
138437,43679,1.5
130746,94325,4.0
138493,50601,3.5
138471,8970,4.0
130262,119224,0.5
138325,91976,4.0
138259,31427,1.0
138457,8641,4.0
138473,1213,4.0
138369,6624,3.0
138456,43560,2.5
138477,4262,3.5
137343,7048,2.0
138454,1960,5.0
137746,91842,3.0
138270,1604,2.0
138473,56782,5.0
137810,5958,3.5
138145,6485,2.0
138474,5401,1.0
138459,33669,3.5
138418,4387,5.0
137277,61250,2.5
137343,32589,2.5
133684,111795,4.0
138301,113378,2.5
138200,6266,3.0
138137,6695,1.0
138103,55245,4.0
138072,6196,1.0
138493,5992,5.0
138456,44193,3.0
138472,52694,3.0
138404,8830,2.5
125794,110346,2.5
137939,55872,5.0
138490,2336,5.0
138450,2315,3.0
138417,3066,5.0
138474,1760,3.0
137031,91323,3.5
136716,68965,0.5
138489,318,5.0
138404,4254,3.0
138432,785,4.0
137031,124859,2.5
138148,106841,3.0
137828,32289,3.0
138459,33145,4.0
138473,1840,4.0
138493,224,4.0
138138,74688,3.5
138103,77364,4.0
137277,89028,3.0
138254,54775,3.5
138492,5673,1.5
138416,7317,4.5
135795,5815,2.0
135075,49642,3.5
138382,4482,3.0
138352,828,4.0
138162,37739,3.0
138301,72380,2.5
138207,58975,2.5
138459,3325,0.5
131904,81270,2.0
138437,7346,2.0
138404,990,4.5
137501,5573,3.0
138153,54256,2.5
133047,89427,4.0
138490,3179,2.0
136511,110453,5.0
138317,2377,3.0
136989,88950,0.5
138301,33672,4.5
138455,3740,3.5
133475,101765,4.0
138472,89774,4.5
138244,991,4.0
138397,4047,5.0
136268,58876,3.0
137501,5677,4.0
138330,2771,3.0
137301,96490,2.5
138328,691,3.0
138307,89490,2.0
138208,52375,3.0
120575,26755,3.5
138472,63072,3.5
134401,4985,0.5
125649,30896,3.0
137844,4229,4.0
138254,43396,3.5
138483,327,3.0
123334,33148,2.5
138200,63033,4.0
138254,42721,1.0
138343,90430,3.5
138208,39419,2.5
127301,99143,2.5
138146,2237,3.0
138208,72703,3.0
138301,103235,4.5
138208,72405,2.0
132603,81637,1.5
138301,96501,2.0
135505,89327,4.0
130992,116499,3.5
138301,105755,2.5
137031,89650,4.0
135550,7814,2.5
138487,2020,3.0
136268,95488,3.0
138467,1376,3.0
138493,49651,4.0
138482,1717,5.0
132953,112303,4.0
138482,3301,4.0
138459,3791,3.5
138456,6188,2.5
138467,3108,4.0
138462,2338,1.0
138427,3512,4.0
138307,62434,2.0
138454,3893,3.0
138301,71156,3.5
138418,4053,4.0
138493,3186,5.0
138459,7255,3.0
138493,2709,5.0
137808,6316,2.0
138072,3511,1.0
138474,3180,4.0
136054,89388,3.0
137893,79879,3.0
137415,30818,2.5
138382,1822,1.0
138437,32352,4.0
131934,33823,2.0
138103,82744,2.0
138493,31658,4.5
138472,71535,5.0
138474,2335,5.0
138493,1196,4.5
138483,145,3.0
138474,3869,5.0
138474,3409,3.0
138472,89804,3.0
138486,3300,3.5
138200,4231,3.0
138380,106920,5.0
138459,4821,1.5
137031,114856,3.5
138390,3051,4.0
138208,3884,1.0
138208,92008,3.0
138382,4124,3.0
138342,1399,3.0
132598,61253,3.0
138490,3125,3.0
138208,4203,2.0
138212,55094,3.5
138493,71619,2.5
130767,70093,3.0
138200,8833,4.0
90270,92804,3.5
138486,53953,4.5
138474,3033,5.0
138280,117871,5.0
138493,587,4.0
138492,1923,4.5
138484,317,3.0
138471,5267,3.5
137828,55250,3.0
138485,105,3.5
138437,4340,1.5
138472,1293,4.0
137055,113275,5.0
138484,185,3.0
138456,5014,3.5
128027,109897,5.0
138493,6754,4.5
138307,40614,3.0
138436,71211,2.0
138483,534,4.0
138254,34530,1.0
137277,106540,3.0
138459,4149,2.0
134497,96283,2.5
138474,2702,5.0
138459,4734,3.0
138459,4770,1.5
138397,4248,3.5
133047,106785,4.5
138134,3974,3.0
138459,8910,3.0
138484,519,3.0
138471,4781,3.0
130459,74547,2.0
138471,2828,4.0
138280,40966,3.0
138301,52042,4.0
138301,40414,2.0
137425,96367,3.5
134543,57370,3.5
137249,114007,3.0
136599,26393,3.0
138301,80880,2.5
136268,54621,3.0
136607,104881,3.0
138437,55276,3.5
138328,1390,4.0
138474,2707,5.0
135806,107958,3.0
138164,95201,4.0
138131,6078,2.0
138492,2700,3.5
138325,53956,4.5
138474,3440,4.0
138200,4771,3.0
138437,97921,2.0
138201,49910,3.0
137167,84532,5.0
138387,5574,1.0
137570,58627,3.5
138382,2548,2.0
138162,66665,3.5
136223,60939,3.0
138208,5625,3.0
138301,89753,4.0
138490,2914,3.0
138208,86852,4.0
138411,5927,2.5
138385,2600,4.0
138493,1198,4.5
138493,2953,4.0
138479,3471,4.0
138437,43932,1.0
138449,4084,4.0
138162,6212,3.0
138490,593,5.0
138492,3253,3.0
137879,81156,3.0
138493,1388,3.0
137805,63540,1.5
138414,103688,3.0
138205,31422,3.0
134773,112497,1.5
138492,6863,4.5
138484,44,2.0
138459,8531,0.5
138437,91077,4.0
138437,6297,3.5
134573,77414,3.0
138280,105844,3.5
138456,5941,3.0
116258,87499,1.5
138493,2291,4.5
133811,95670,0.5
138454,1953,3.0
138164,43919,0.5
138208,5109,3.0
138148,118700,4.0
136998,6158,3.5
137294,31431,1.0
138323,51925,3.0
138346,3287,4.0
138386,70159,3.0
138254,50798,1.5
138307,61705,2.0
138265,48591,0.5
138450,2154,2.0
138470,4980,2.0
138437,48593,3.0
138317,2034,1.0
138301,80126,4.5
138467,1487,3.0
135828,80350,1.0
138472,46723,4.0
137277,114601,3.0
138208,64575,4.0
138461,8917,4.0
138386,99721,3.0
138484,22,3.0
131347,101997,0.5
138397,4709,4.0
138457,63876,3.0
138414,5784,1.5
138103,88954,2.5
138474,1805,5.0
131894,71878,4.5
138301,89085,3.0
138492,3481,4.5
138386,57520,2.5
138352,61,4.0
138472,58295,3.0
138493,7361,5.0
136946,80858,3.0
138386,59016,3.0
138414,103341,4.0
135399,53466,5.0
138437,73268,3.0
138207,74946,4.5
127755,88108,2.5
138006,44731,2.5
137343,26750,2.5
134497,88468,2.5
138103,47952,1.5
138208,45221,1.5
131904,71821,2.5
138483,45,4.0
138254,61986,4.0
138283,2328,2.0
138486,1219,3.0
131829,62439,3.0
122310,109189,3.0
136941,53002,2.5
138449,3048,4.0
138438,3479,3.0
138208,2236,1.0
138472,51931,4.0
138472,55247,4.5
138164,48416,3.0
137360,97785,3.5
138493,70,4.5
136804,31687,3.0
138483,57,3.0
138437,31878,4.0
137164,5482,2.0
138201,56607,3.0
138472,6953,4.5
137164,8835,3.5
138200,6012,1.5
138482,3616,3.0
138472,71450,4.0
138155,4189,3.0
138254,61348,1.5
138254,72762,4.0
138474,1689,5.0
137264,90576,4.0
138103,93563,3.0
137918,7448,1.0
138254,68205,4.0
138484,348,4.0
133049,48600,2.5
138469,5876,5.0
138459,39444,4.0
138103,5531,4.0
138307,61729,3.5
138254,70361,3.5
138414,80831,4.5
138072,4749,0.5
138325,55830,3.0
138320,42018,4.5
138474,1701,5.0
138404,2978,3.5
138208,2264,1.0
138441,1057,3.0
138186,54787,2.5
137301,72741,3.0
137855,8859,0.5
138103,37477,3.0
136663,50153,0.5
137758,7437,3.5
137926,6245,3.0
137277,116799,3.5
137633,43926,2.5
131965,105086,1.5
136430,62586,0.5
138166,105585,3.5
138208,6220,1.0
138164,57536,1.5
138237,3163,2.0
138406,89761,4.0
138459,27904,3.0
137277,97832,2.5
138254,31424,1.0
134497,70643,4.0
138307,8959,2.0
137717,118898,3.5
134497,66015,3.5
135806,62577,3.5
138437,56286,4.5
138301,96590,2.5
138436,68848,3.5
138325,62511,4.0
138492,3000,4.5
135550,8779,4.5
136679,4831,0.5
138325,39381,4.5
134328,6685,3.0
138437,5903,5.0
137953,60046,3.0
138418,2769,4.0
138235,31660,3.0
136620,33150,4.0
135478,82378,3.0
137105,8585,3.5
138205,58652,3.0
138406,69873,3.5
136875,88380,2.5
138161,6330,3.5
135399,84957,5.0
132195,84834,2.5
138307,56633,2.5
118806,105217,3.0
135478,104441,3.0
138459,49772,4.0
137717,67508,3.5
138493,590,4.5
138208,87485,2.5
138285,4661,5.0
138471,8643,3.5
138493,1407,3.5
138437,4876,2.5
138486,1258,4.5
138486,1270,5.0
138436,2995,3.5
130110,71268,2.0
137746,80166,2.5
138429,6006,1.5
136268,90914,3.0
138208,3820,1.0
138473,74685,3.0
138493,5618,5.0
138315,4000,3.0
138280,106441,4.5
138246,63479,0.5
138200,73319,3.5
135027,74820,3.5
137277,84950,3.0
134653,97986,2.5
120575,86091,0.5
138374,869,4.0
138457,33085,3.5
138493,5902,5.0
138486,33834,4.0
138493,1884,5.0
138472,71520,3.5
138187,111113,3.0
138493,367,4.5
138492,2797,3.5
138493,48385,5.0
138477,4447,3.5
138481,1375,3.0
138486,37720,3.5
138474,3146,5.0
133047,115414,4.0
138456,41573,4.0
138205,7261,4.0
138492,6957,3.5
138486,1517,4.0
136596,86014,4.0
138493,3527,4.0
138493,1225,5.0
137671,59306,2.5
138456,7451,3.0
138456,6765,4.0
138492,5013,2.0
138454,2469,3.0
138414,112183,5.0
138343,103980,3.5
138307,45210,4.0
138200,7142,2.5
138474,743,5.0
138382,1128,2.0
138154,86815,3.5
138397,4349,4.0
138208,67695,1.0
138411,5040,3.5
138475,1228,3.5
134150,71325,3.5
138467,2414,4.0
137046,71537,1.0
138472,81562,3.5
138270,3618,2.0
138346,3594,4.0
136597,7262,4.5
138456,4880,4.0
137717,70663,0.5
138472,73266,3.5
134762,5761,4.0
138406,4234,3.0
138317,5712,3.0
136268,104760,1.5
138470,1635,4.0
127256,112749,2.0
138382,4676,2.0
137904,8943,4.0
138449,3707,3.0
138411,5039,4.0
136223,73027,4.0
138493,235,5.0
134773,108780,3.5
138325,58306,4.0
138254,62849,4.0
137360,6099,4.5
138479,1411,0.5
136268,83082,3.0
136301,6750,4.0
138148,107980,3.0
138406,71108,4.0
131904,38583,2.5
138307,5329,2.5
134567,105248,2.5
135186,68288,2.0
138301,81817,3.5
137713,2235,1.0
138486,6731,5.0
138301,44849,3.0
138411,2373,2.0
137277,96857,3.0
138472,54503,3.5
136875,66659,0.5
81267,126393,2.5
138414,58107,2.5
138254,42734,4.0
138475,30749,3.0
138472,56156,3.0
131904,111944,2.0
118106,114849,1.5
137255,6326,3.0
138486,4720,4.5
138493,1200,4.5
138467,914,3.0
138462,1644,2.0
137277,113453,2.5
138492,8949,5.0
138472,47640,2.0
138486,1982,4.0
137717,6871,3.5
137200,106443,2.5
138437,50794,3.0
137996,81535,0.5
138404,5151,3.5
138474,2296,3.0
138103,82152,2.0
138406,44397,3.5
138110,6702,3.0
94985,129659,3.0
134219,87314,2.0
135208,44815,2.5
138177,96588,3.5
138459,4736,0.5
138475,2391,3.0
137191,5883,2.5
138387,44729,1.5
137601,2886,3.0
138103,74944,0.5
128983,38843,3.0
137360,101739,3.5
136946,70932,3.5
138208,45106,2.5
138493,2643,3.5
134737,57530,0.5
138289,43921,4.5
136595,27830,2.5
137369,3390,3.0
138471,47610,4.0
138200,6884,3.5
53930,130588,3.5
138325,56003,2.5
135418,73664,4.0
134567,39931,4.0
127390,96510,3.0
138254,5970,2.0
137436,49666,4.0
138493,4007,4.5
138490,17,4.0
138472,51834,4.0
137828,54734,3.5
138470,7158,4.0
138474,1246,5.0
138488,231,2.0
138492,1307,4.0
138390,3068,5.0
138472,3617,2.5
138474,2447,4.0
138437,89904,4.5
137294,65813,3.0
138437,94959,4.5
138387,48518,1.0
138387,5501,2.0
138471,48394,2.5
137955,4162,3.5
138418,4371,5.0
137301,87028,2.0
138428,4247,3.0
138072,4200,1.5
138472,51255,4.5
137230,61361,3.0
138459,60950,4.5
132195,54075,3.0
138208,3743,1.0
138459,5668,3.0
138208,71205,3.0
138474,3324,1.0
138196,2750,3.0
138062,75341,4.0
138200,6549,2.5
138382,4526,3.0
138493,508,5.0
138426,2672,4.0
134567,8834,2.5
138397,2526,3.5
138437,3901,4.0
138148,5348,3.0
138306,2772,4.0
138493,1275,3.0
136268,55286,2.0
138325,1599,1.5
136428,111251,3.5
136268,42021,3.0
138301,101741,2.5
138011,8363,2.5
138301,60408,3.0
136054,70970,3.5
138472,78836,4.0
128309,98175,2.5
137106,73290,0.5
138301,116207,4.0
136268,114392,3.0
138072,5443,0.5
137904,5817,3.5
131588,33152,2.5
131347,52548,2.5
137561,5628,2.0
138486,44828,3.0
138492,4085,3.5
138493,586,4.0
138404,5308,4.0
138455,4361,4.0
138493,1101,4.5
138493,3996,5.0
138493,2858,5.0
138472,81845,4.0
138449,4558,3.0
136439,79230,3.5
138486,2739,5.0
129583,104590,3.5
138280,116797,4.5
138474,1135,4.0
138404,4835,4.5
137838,77206,2.0
138068,99912,3.5
138477,2795,5.0
137025,106062,5.0
138307,47629,3.0
138486,2174,5.0
136819,55566,0.5
138490,261,3.0
138011,92422,5.0
138307,43904,3.0
138346,5092,3.0
138457,1263,4.5
138489,1747,4.0
138072,6332,1.5
138103,100737,1.5
138411,2428,2.5
138490,477,3.0
138490,1589,3.0
138414,4974,2.0
138325,96811,4.5
138477,3484,2.0
138148,117176,4.0
138295,6298,1.5
138464,3565,2.0
138481,1204,4.0
137807,70994,2.5
137031,118900,3.5
136616,68941,3.0
138456,31433,4.5
138285,5476,3.0
138492,1197,4.5
137746,56885,3.0
138468,88129,4.0
138459,7316,3.5
138467,1821,4.0
138486,53000,5.0
117144,117308,2.5
138134,31700,3.5
138207,3554,2.5
138492,1500,5.0
138457,71670,1.0
138382,3973,2.0
138486,724,4.0
138493,41285,4.0
135984,79572,3.5
138484,515,5.0
138490,1673,4.0
137277,7014,2.5
137828,48791,2.0
137686,51937,2.0
138382,3908,2.0
138062,5667,5.0
135806,48596,2.0
137807,84570,1.0
138474,2026,3.0
138301,101525,3.5
133047,114439,4.5
138482,3238,2.0
138472,69481,3.5
138474,3708,4.0
138307,97860,2.0
138280,112940,3.5
138474,4255,5.0
131894,58324,4.5
136268,57970,3.0
138482,3889,4.0
137024,47646,3.0
136968,88179,2.5
138301,71518,3.0
138208,5665,2.0
138307,6322,3.0
138404,2829,3.0
136268,8535,3.0
137974,4628,2.0
138208,1826,1.0
138437,97950,3.5
138390,2385,2.0
138464,3453,1.0
138437,1199,4.5
137828,8911,2.5
138492,1732,5.0
138459,51091,3.0
138289,6185,4.0
138208,53921,3.0
138200,3454,3.0
138200,6249,2.0
138456,5380,5.0
101044,122423,3.0
137752,44949,2.0
138472,57669,3.0
137425,61255,4.0
136656,70898,1.0
138301,99574,3.5
138301,69604,3.5
138382,3797,2.0
138325,41863,4.5
138161,2882,3.5
138472,38061,4.5
138474,2606,5.0
138477,4848,4.0
138254,50796,3.0
138343,80864,3.5
138280,80969,4.0
138307,60647,2.5
138397,2147,3.5
138208,2977,1.0
138254,58301,4.5
138162,3055,4.0
138475,2010,4.5
138436,42718,4.0
138483,81,3.0
138397,6567,4.0
138406,27834,4.0
138439,67252,2.0
137662,79796,3.0
133832,5020,3.0
137807,60941,3.5
135765,90751,3.0
133904,5789,0.5
138164,54978,4.0
131894,61108,4.5
138414,118876,2.5
138301,114847,3.0
136927,74653,4.0
132187,4385,2.0
138474,1265,5.0
138457,1059,4.0
136268,91290,3.0
138474,1266,4.0
138493,39869,4.5
138473,63082,4.5
138481,3101,2.5
138488,597,3.0
138474,2471,4.0
138411,4008,4.0
138474,1020,4.0
136946,65601,4.0
136223,50158,1.0
138449,3635,5.0
138467,2279,3.0
137528,5361,3.5
138201,2907,1.5
137942,91890,4.0
137164,5629,3.0
138483,510,3.0
137501,5170,4.0
138474,93,3.0
138382,1998,1.0
137525,45361,3.5
137828,6687,3.5
136875,70208,3.5
121535,75803,1.5
138474,2169,4.0
138365,2436,5.0
138474,742,5.0
137839,26391,2.0
138444,352,3.0
137758,51903,3.0
138283,5323,3.0
138162,49280,3.0
138456,4141,2.0
120575,107557,1.5
138493,55814,5.0
138437,48696,4.0
138208,3553,1.0
138454,2570,5.0
136268,48879,4.0
138208,4758,1.0
138483,254,3.0
138148,68963,3.5
132393,115824,3.5
130767,79994,4.0
138406,6041,3.5
127719,116169,3.5
133511,67839,4.0
136989,90428,4.5
132599,74075,0.5
136428,80586,3.0
138493,39183,5.0
138487,39,4.0
138477,5812,3.0
109966,128975,1.0
138325,26587,5.0
138307,3993,4.0
138437,97306,4.0
138285,4164,4.0
138475,31410,4.0
138343,27803,4.5
138301,109848,2.5
138472,3448,4.0
70201,100180,2.0
105227,121103,0.5
138472,81591,4.0
138489,1221,4.5
138459,4054,2.0
138382,1971,3.0
138456,4015,2.0
138441,1378,4.0
137277,115231,3.5
125817,109372,5.0
138474,2572,4.0
138011,5363,4.0
138474,3208,5.0
138437,7254,2.5
138072,3286,3.0
136268,56158,2.5
138474,2555,3.0
138270,1866,2.0
138464,801,2.0
138382,1992,3.0
116349,114182,3.5
138472,56145,4.0
138493,2997,4.5
137164,4759,3.0
132953,113071,4.5
138459,4372,2.0
138406,50068,3.5
137109,50923,3.5
138450,1878,3.0
138072,2195,2.5
138483,532,3.0
138456,2759,4.0
138090,3050,3.0
138487,2188,5.0
138295,4732,0.5
138208,5081,3.0
138166,100507,3.5
138343,50912,3.5
137343,54612,3.0
137746,101612,1.5
138162,4160,5.0
136892,76079,3.5
137885,664,2.0
138072,44197,3.5
138348,96821,4.0
136223,48598,4.5
138208,4035,3.0
138437,87192,5.0
130781,91707,2.5
137474,101360,3.0
138134,5462,3.0
138301,74275,3.0
138382,3036,2.0
138369,5955,4.0
138208,5873,2.0
138484,555,5.0
136989,91505,1.0
138490,1095,3.0
138208,78679,2.0
138382,1346,2.0
135775,71571,2.0
134499,25840,1.5
138471,55280,4.0
138472,64034,4.0
138454,3910,1.0
138404,2801,4.0
138188,1114,4.0
135765,78774,4.0
138414,80219,4.5
137717,82053,3.5
138406,4519,4.0
138320,27869,4.0
134567,91450,2.5
138486,1997,5.0
138493,1387,4.5
138486,2706,4.0
137277,108540,3.5
138474,2735,4.0
136946,94323,3.0
138211,5572,4.0
138470,1374,3.5
138493,344,4.0
138437,6979,4.0
138481,1674,3.5
138301,93297,2.5
138254,47382,3.0
138474,1405,5.0
138493,1729,4.5
138254,59022,2.5
138386,92420,3.5
138208,5012,2.0
138449,2968,4.0
138208,5106,1.0
137879,93270,1.5
138435,1272,5.0
138477,5528,3.0
138011,62733,5.0
137379,57534,3.0
137343,7378,3.0
138295,4989,2.0
138493,2083,4.0
138477,5791,3.5
130110,97059,3.5
138166,111921,4.0
138459,2231,4.0
137277,118924,3.0
137592,46788,3.0
138479,2841,3.5
138280,106438,5.0
138404,30898,4.5
138417,3204,5.0
138200,44225,2.5
132599,7170,0.5
137879,105197,4.0
138484,328,1.0
138295,4822,0.5
138343,91622,3.5
138437,47200,3.0
138270,1640,1.0
138390,2331,3.0
124413,105715,3.0
138208,62344,3.5
137934,3529,4.0
138246,7151,4.0
138454,1233,4.0
138211,5255,3.5
138186,104374,5.0
138419,8983,4.0
138301,96751,3.0
123352,127096,3.5
138162,64229,2.5
137540,3596,3.0
138301,26819,3.0
138437,49220,3.5
138466,2356,3.0
138459,48560,2.0
138459,6483,0.5
138270,639,1.0
137525,6885,3.0
138459,66200,4.5
138208,5112,3.0
138437,51709,2.5
137501,5845,4.0
138382,2560,1.0
138148,54281,2.5
138164,103984,5.0
138211,5421,4.0
136268,101088,2.5
138325,27266,5.0
137202,58494,4.0
136268,35015,3.5
138325,74488,4.0
138418,4640,2.0
138060,5636,1.0
138208,1677,1.0
138200,59107,4.0
63046,103978,3.5
132195,57393,3.5
131347,47907,1.0
138474,2507,5.0
132091,86624,3.0
138307,7827,1.5
136268,77316,2.5
136268,93610,3.5
133292,94998,3.5
138235,74228,2.5
124547,110750,4.5
138472,4011,4.5
138474,2513,4.0
136268,4176,1.0
126925,78838,0.5
138486,2003,4.5
138493,260,4.5
138487,2067,5.0
132082,116893,3.5
134573,62912,3.0
138472,81932,3.5
138072,48322,0.5
138474,2302,5.0
131965,113604,3.0
81583,116419,1.5
138449,4623,5.0
137953,60141,2.5
138459,6281,3.5
138397,5066,4.0
138484,36,5.0
138489,2541,3.5
137996,72129,1.0
138449,2301,5.0
136789,62553,4.0
138335,4845,0.5
136860,7636,0.5
130477,48704,4.0
131894,72777,5.0
138437,2730,4.0
138067,4900,2.5
138477,3955,3.0
136268,99220,2.5
138208,4233,1.0
138457,5294,0.5
138457,8966,2.5
138486,1215,5.0
138208,5080,3.0
138493,337,4.0
134328,27841,3.0
138307,8951,2.0
138456,6060,3.0
138314,294,4.0
138280,106766,3.0
138418,4745,4.0
138254,5841,2.5
135808,8407,2.5
134637,40342,1.0
138246,52356,4.0
130193,90421,2.5
137996,63436,1.5
130459,91766,2.0
135478,96975,3.0
137671,52005,3.5
138466,2690,5.0
133811,106030,2.5
138067,27434,3.0
138477,924,5.0
138493,1097,3.5
138472,52668,3.5
135425,6847,2.5
131904,54783,1.5
134690,95296,3.5
138482,1704,5.0
138437,48877,0.5
138457,1663,4.5
138459,3882,2.5
138487,2485,4.0
138019,55577,3.0
138437,30894,0.5
136819,43923,0.5
138270,2474,3.0
138397,3062,4.5
138474,2082,4.0
138254,8947,3.0
138480,104,4.0
138414,4744,2.0
138474,4571,5.0
138307,1951,4.0
138186,94070,4.0
138381,4154,5.0
138449,3704,4.0
138429,6664,3.5
137893,80846,3.0
138295,5874,1.5
138397,4442,4.5
138455,1037,1.0
138472,62155,4.5
138492,3052,2.0
138208,5610,2.0
137862,26492,4.0
138382,4654,4.0
138208,387,1.5
138208,5564,2.0
138437,48520,3.0
138456,1895,1.0
138456,2114,3.5
138467,2118,4.0
129583,96849,4.0
138346,4143,3.0
138479,72393,5.0
138437,45028,4.0
137037,6055,1.5
137800,4949,5.0
136595,37844,2.0
138474,2395,5.0
138103,82095,1.0
138186,129428,3.0
136268,60289,2.0
138200,33815,2.5
138490,3425,2.0
138437,5047,3.5
138486,6659,5.0
138254,6379,3.5
138397,5199,4.0
138365,2540,4.0
138280,102194,3.0
138437,51088,3.5
130972,104728,0.5
137746,70565,2.0
137828,5448,3.0
136268,91134,2.5
138437,41716,3.5
137642,1477,4.0
137528,46919,4.5
138208,4168,3.0
138474,2502,5.0
138477,2718,5.0
136607,118985,4.0
138493,2387,4.5
138200,8642,2.5
138205,7616,4.0
136224,77667,1.0
138477,6552,3.5
133047,100083,4.0
137202,57538,4.0
138437,95309,3.5
138208,84615,3.5
138493,2329,5.0
133047,99470,4.5
137717,7174,4.0
138490,2686,4.0
138490,2966,4.0
137377,5347,2.5
137277,109895,3.0
138254,58162,3.5
135566,5756,1.0
84151,117861,4.0
138437,4875,0.5
138472,53550,3.5
137879,93512,3.0
137043,77240,4.0
137200,97324,5.0
138483,521,3.0
138490,2912,3.0
138472,33166,4.5
138454,4024,3.0
80092,26600,2.5
138233,45503,4.0
134567,92448,1.5
138418,3943,5.0
130459,5860,2.5
136268,89369,3.0
138316,6197,5.0
138474,3276,4.0
138208,5994,3.0
134499,99750,2.0
136748,46770,3.5
138146,3858,2.0
137031,95761,3.5
137662,79946,4.0
138162,6337,2.0
138166,54934,3.0
138472,56389,4.0
138490,2767,2.0
136819,5675,1.0
138307,59594,1.0
138406,6618,3.5
138307,27664,2.5
131910,26994,3.5
136268,116841,3.0
137242,2157,5.0
138301,91571,4.5
137230,31114,4.5
138164,4879,3.0
138208,71429,3.5
137277,47937,3.5
136268,46572,2.5
138162,84242,2.5
138293,8387,2.0
91193,74595,3.0
53930,122932,3.5
137918,1853,2.0
127256,78640,3.0
138103,79226,1.0
121535,74647,1.0
70226,85226,1.5
101044,57426,2.0
138307,59709,2.0
124339,82022,3.0
138208,8918,2.5
131904,51569,2.5
138186,71691,5.0
125794,78019,2.5
103068,126919,4.0
6429,118258,4.5
131904,100452,2.0
138406,66785,4.0
123352,121135,4.0
122044,77818,1.0
138472,67734,4.5
136931,45525,4.5
138100,3177,3.0
117063,126420,3.5
138411,7569,4.5
138177,115151,4.5
136268,98056,3.5
138382,1996,3.0
138397,4799,2.5
138325,44694,4.5
138474,610,5.0
135765,72224,3.5
138490,41,3.0
68606,112909,3.0
138436,86320,0.5
138103,94469,3.5
138493,1214,4.5
138486,2459,5.0
138472,76763,2.5
138232,4857,4.5
138449,2993,5.0
133246,95237,2.0
131910,88977,3.5
138474,998,4.0
138487,2975,5.0
138476,1991,2.0
138472,53894,4.0
136946,112818,3.5
138459,3225,0.5
138492,8807,4.0
138454,3952,4.0
138474,3298,4.0
138492,3039,4.0
137525,50147,2.5
130622,7457,1.0
138435,1224,4.0
138208,56333,4.0
137037,6295,1.0
138418,3896,5.0
138477,5577,3.5
138072,6811,2.0
137828,51660,4.5
138397,26513,4.0
131347,53133,2.5
138200,47976,3.5
137623,61246,2.0
138490,2337,4.0
132509,88835,2.0
136268,7248,1.0
132774,6406,3.0
138208,5788,2.0
92499,88692,3.5
137717,69324,3.5
132082,36511,2.5
137910,77328,3.5
136268,79972,3.0
136754,72980,3.5
138474,2470,4.0
130477,116215,4.5
130622,34045,1.5
134922,85763,4.0
136015,90474,2.5
138473,56169,3.5
138491,4128,4.0
138472,73023,3.5
138236,6735,3.5
124413,105620,3.0
138417,674,5.0
127719,26690,2.0
138492,2599,5.0
138493,51884,4.5
133047,126548,4.5
138459,4775,0.5
136599,100359,2.0
120748,106302,4.0
136599,71327,4.0
135765,74787,2.5
138162,105954,3.5
138466,2682,3.0
138472,47894,4.0
124139,108514,3.0
134645,33781,4.5
138254,65868,4.0
138493,296,4.5
138493,3396,5.0
138380,115569,4.0
138472,7319,3.0
138474,1035,3.0
138481,2100,3.0
138493,46578,4.0
138467,1259,4.0
138486,6502,4.5
138171,7259,1.0
138397,8340,4.5
138200,5664,3.5
138368,626,2.0
138472,89864,3.0
136564,59715,3.0
138166,109483,3.0
136673,5768,0.5
138483,497,3.0
138449,3633,4.0
138452,366,3.0
138421,2888,3.0
138369,44709,4.0
138474,1753,5.0
136656,69253,1.0
138473,3535,4.5
138477,5505,4.0
137865,47394,4.5
138436,72167,3.0
135765,85278,3.5
138162,105211,4.5
138208,80549,3.5
136990,476,3.0
138454,4036,2.0
136015,89194,2.0
138483,612,3.0
136239,3595,1.0
138200,3909,2.0
138490,3260,4.0
138148,82463,4.0
138301,5613,3.0
137343,6642,4.0
138146,2280,2.0
138304,80693,4.0
136989,83270,1.0
136430,59910,3.0
138208,1442,2.0
138437,74553,4.0
138280,111622,4.5
137525,45382,3.5
130827,55154,3.0
136223,6892,4.0
138450,1898,2.0
138212,53468,4.0
131347,50572,3.0
138164,81804,4.5
138254,60832,4.0
129583,116261,5.0
137671,55391,3.0
138200,33421,4.0
100619,127182,4.0
138478,1274,4.5
130193,55209,1.0
138063,52858,5.0
138004,43744,2.5
138493,6538,4.5
137342,6583,3.5
138454,1962,4.0
138208,1621,2.0
138483,112,2.0
138472,44195,5.0
138194,53435,4.0
138325,71579,4.5
138437,39414,4.0
137501,4692,2.0
138307,5959,2.0
138477,5829,4.0
138308,58146,0.5
138208,71248,2.5
137686,6563,3.0
138215,5575,5.0
138200,8800,1.5
137214,91673,4.0
138457,55442,3.0
137277,81164,3.0
138343,62644,4.0
138301,74948,3.5
137501,2965,3.0
138471,56367,4.0
138449,3984,5.0
138492,858,5.0
138479,2942,0.5
138473,69757,3.5
138484,509,4.0
138301,95449,4.0
138283,6040,3.5
138449,2991,5.0
138237,3189,4.0
138162,58047,4.0
133511,94439,2.5
138470,39292,4.0
138459,37741,4.5
138492,163,3.5
138417,2528,4.0
138449,3639,5.0
138382,3710,3.0
138486,40732,4.5
138072,4453,1.5
131515,108243,0.5
138483,125,3.0
138486,34323,2.0
62925,127198,3.0
137445,2812,1.0
138295,6290,2.5
138301,71464,3.5
138148,79897,3.0
138382,4682,4.0
136268,117456,3.0
138208,72720,2.0
138353,2022,3.0
138208,2836,2.0
138493,31694,2.0
138406,5446,3.5
131347,54268,2.0
138317,5235,2.0
136132,6311,4.5
138154,8971,2.0
137633,59336,4.5
138208,77421,3.5
137445,2831,3.0
138215,5680,5.0
137277,51174,3.0
138177,90376,4.0
124782,94748,2.5
137343,4204,1.5
136656,82589,2.0
130459,110649,3.0
138483,718,3.0
138472,81791,3.5
134637,74582,3.5
138474,1679,3.0
138164,89047,4.0
134499,110322,2.0
138208,6162,1.5
136753,6487,1.5
137717,82005,3.0
136196,118338,1.5
132195,77672,3.0
131904,45508,2.5
138472,3275,4.0
134567,88690,4.5
74966,124332,3.0
138406,2401,4.0
138254,59392,4.0
138492,441,5.0
136810,61123,3.0
136989,3854,3.0
138437,34523,3.5
136599,7383,2.5
136015,96917,1.5
138054,86781,4.5
136268,27644,3.0
137717,81195,3.0
138472,55721,4.5
137301,114713,2.5
103842,80947,3.0
138406,6796,3.5
138438,3478,4.0
136679,5745,2.0
138307,4932,5.0
137548,5076,3.0
138487,2580,4.0
138208,44864,3.0
138411,6303,3.0
138382,2974,4.0
138477,6216,4.0
138343,90531,3.5
138472,27831,4.0
137277,100244,4.0
137683,8667,3.0
137202,4729,4.5
137118,72479,4.0
136946,86606,4.5
138472,55444,3.5
138486,1240,3.5
138437,7323,4.0
138472,68194,4.0
138486,4533,4.0
138459,180,5.0
138477,1380,4.0
138443,1090,4.5
138456,8622,3.0
138492,1304,4.5
138474,1028,4.0
138459,1956,4.5
138487,1947,5.0
138492,3552,5.0
138418,4227,3.0
138487,2714,5.0
138489,50,4.5
138449,1972,1.0
138437,5283,3.0
138473,64839,4.0
137926,3792,3.0
138492,3911,5.0
138449,1129,5.0
138072,3423,3.5
138254,54768,3.0
138093,1858,3.0
138492,6296,4.0
138284,4062,3.0
138490,1680,3.0
138452,330,3.0
138472,48738,4.5
138449,1986,1.0
138325,94896,4.0
138477,4017,3.0
138466,2504,4.0
133146,96567,4.0
137301,93693,3.5
138138,71466,3.0
138307,88235,3.5
136663,61354,1.0
138492,3556,3.5
138456,2390,3.0
135418,70641,1.5
137717,112946,4.0
138441,2491,3.0
138477,4642,4.0
135685,7192,3.5
138470,6932,4.0
138477,4898,3.0
138208,4965,4.5
138406,599,5.0
138301,60293,4.5
138411,6990,4.0
136819,5951,5.0
136489,31290,2.5
134328,6876,4.0
120572,79187,2.0
135595,88138,5.0
114579,54254,3.5
132470,5285,4.0
137280,32234,3.0
130398,65155,3.0
136268,59684,3.0
138388,27674,4.5
130477,69821,4.0
130459,76729,3.0
134290,98296,1.5
63046,87168,3.5
114933,115909,3.0
138446,84847,4.5
138437,6774,4.5
138493,6370,0.5
130459,92841,3.0
89495,106066,2.5
138301,26148,4.0
137996,45183,4.5
137080,2768,1.0
138461,6218,4.0
138208,5447,2.0
138006,47815,0.5
137277,74750,3.5
138492,1234,4.0
138470,1957,4.0
138134,32009,2.0
138474,1357,5.0
137717,105213,3.5
138406,2921,5.0
138477,4641,5.0
138208,4976,4.0
134159,5045,3.0
138406,27815,4.5
136268,6769,1.0
137791,6868,3.5
138459,3424,2.0
137604,5424,1.0
138164,89535,4.5
138414,6214,3.0
103068,113300,3.0
138176,55098,5.0
127256,91688,1.5
138254,55020,3.0
134499,41712,4.0
136989,90600,3.5
137884,102070,1.0
137746,33826,4.0
138467,1286,3.0
138406,104908,3.5
138486,39446,4.5
138493,5785,3.5
137805,90469,2.5
135277,115534,0.5
138467,1970,3.0
135780,104712,5.0
137805,97701,3.0
137061,6260,3.5
138437,1125,4.0
138450,1973,3.0
138472,7160,4.5
138486,1019,0.5
137805,107769,3.5
138419,2313,5.0
138348,106100,2.5
128879,129707,0.5
138485,4226,3.5
137301,110591,3.5
138437,45728,3.5
138456,3967,4.5
138186,102993,5.0
138072,3774,3.0
138397,4535,5.0
138230,2566,1.0
138490,1694,1.0
138382,2639,2.0
138103,88672,2.5
137037,1825,4.0
131904,113780,2.5
117009,99335,2.0
138490,1660,3.0
136428,117881,3.0
134401,75950,2.5
138382,3029,4.0
138382,1981,1.0
138477,5299,5.0
137746,101285,3.0
138382,891,3.0
138477,5225,5.0
138486,8874,4.5
136015,70695,0.5
138490,800,4.0
138382,1985,2.0
138382,1330,3.0
138487,3543,3.0
137343,4950,2.5
137360,92192,3.5
138208,67267,2.0
138397,4915,3.0
127578,72265,3.0
138080,976,3.0
138386,3945,4.0
138335,8366,2.0
138406,6954,4.0
138397,5499,3.5
137977,4266,3.5
138315,3519,3.0
138464,4678,5.0
137870,42725,3.5
138474,2155,3.0
138493,1209,5.0
138397,4452,4.0
138472,68237,4.5
115353,45512,5.0
138466,1719,5.0
138301,81385,3.5
137083,60948,3.5
137343,6088,2.0
138490,247,4.0
137746,87298,3.5
138411,1845,4.0
138472,8950,5.0
130459,26737,2.5
131904,118354,3.0
138148,82767,3.5
138208,6705,2.5
136819,46574,1.0
137031,114013,3.5
138437,101,3.5
138474,1352,4.0
138208,60341,3.5
130459,8736,2.0
138472,83134,4.0
121535,88934,1.5
118205,84961,2.5
138204,2678,2.0
59477,55751,1.5
136111,56511,5.0
136968,93164,3.5
133077,66943,2.5
137633,66240,2.0
100366,49121,3.5
136268,116817,3.5
132170,118248,2.0
138307,26398,3.5
138164,56060,3.5
138070,73587,3.5
138492,1358,4.5
138011,93475,5.0
138437,42723,1.5
138307,43460,4.0
137758,90057,3.5
138382,4517,4.0
136268,54094,3.0
117144,119948,2.5
138474,2460,3.0
138397,7889,3.0
138301,102684,4.0
138404,8530,5.0
138301,86578,4.0
136313,59729,4.0
72863,58207,3.5
138474,2378,5.0
138397,2950,4.0
138492,357,4.5
138492,3210,4.0
138404,4429,4.0
138477,5954,3.0
138490,866,3.0
138493,3949,5.0
135399,8460,5.0
138490,2573,3.0
138325,4407,4.0
122310,111320,3.5
138486,4878,2.0
137817,1860,4.5
138137,6223,5.0
135186,79800,3.0
138254,42632,4.5
130193,93128,3.0
138072,5134,3.5
136268,53788,3.5
129583,95133,3.0
138387,6291,5.0
134637,76317,2.0
138493,1193,4.5
138436,8512,4.5
138148,26528,2.5
48582,129845,3.5
134210,99633,2.0
138418,4378,4.0
135324,86244,4.0
138477,6385,4.0
138103,77795,1.5
138166,46062,3.0
138490,1794,4.0
138307,31804,2.5
138467,1094,4.0
138436,3688,3.0
136716,75425,3.5
138486,968,5.0
138493,6711,5.0
138493,1230,5.0
137976,1943,3.0
138477,5015,4.0
138487,25,5.0
6233,129350,3.5
138103,7093,3.5
116263,128592,4.0
131904,73109,3.0
138436,79242,2.0
138406,4553,4.0
138485,1262,2.5
138436,27899,4.0
132146,101060,3.5
138380,112290,3.0
138200,46967,4.0
138331,4895,3.5
137387,3322,2.0
138208,7137,3.0
137893,4428,3.0
138134,47261,2.5
138356,255,1.0
138457,56339,2.5
135828,110773,1.5
138437,5666,4.5
138148,2179,2.5
137879,49276,1.5
138493,18,4.5
138459,5617,4.0
138335,6325,0.5
138411,4009,4.0
138437,1449,5.0
137828,2809,2.5
137746,54331,3.5
138387,36537,4.0
138437,89343,3.0
138293,37857,5.0
138437,96606,5.0
135049,92439,3.5
137920,6193,4.0
138490,2674,3.0
137031,96832,3.5
134773,109243,2.5
138467,1755,4.0
131894,26638,1.0
138454,3830,2.0
136568,3240,2.0
137758,87079,3.5
137501,4032,4.0
137563,2569,3.0
138148,104631,3.0
137501,2715,1.0
138325,6571,4.5
138103,89072,2.5
138270,1567,2.0
121535,91010,1.0
130193,93578,3.0
137633,27537,3.5
115824,108054,3.0
138205,5472,3.0
128992,105121,3.5
138325,31042,4.0
103618,63590,3.0
136968,82041,3.0
138399,1949,4.0
138455,3504,5.0
138487,920,5.0
134567,26142,3.5
135399,25959,1.0
138208,77800,3.5
136369,65357,5.0
138472,76210,3.5
131904,25944,3.0
132195,77788,2.5
138437,49957,3.5
138454,1952,4.0
138492,1641,3.5
138492,2791,5.0
138492,69,4.5
138484,493,4.0
137885,3017,1.0
136806,7897,3.0
138325,6852,4.5
137762,26051,3.5
137046,8056,3.0
138454,2178,1.0
138450,1886,3.0
138382,804,3.0
138490,2333,5.0
138343,71033,4.0
88820,83334,1.0
138486,1261,5.0
138437,4373,3.5
134701,103596,3.5
138103,85412,5.0
136268,57655,3.5
138208,43914,3.5
136806,32300,4.0
121535,87973,2.5
137675,79547,2.5
138386,99813,4.5
130477,123553,0.5
16417,122490,3.5
138307,26386,3.5
138437,34072,4.0
138472,90439,4.5
138301,65126,3.0
138187,112552,4.0
138492,6016,4.5
137845,3581,4.0
138208,50447,3.0
138386,96829,3.5
138486,2804,5.0
138166,59440,3.5
134401,5935,1.5
135692,2998,3.0
138325,63808,4.5
138486,2160,5.0
138475,4406,3.5
138301,70567,4.0
138457,8645,3.5
138472,87304,4.0
138486,48678,4.5
138477,3421,4.0
138477,2947,5.0
135186,98975,3.5
138474,953,5.0
138493,778,5.0
138490,3865,1.0
138325,81417,2.0
138492,2359,3.0
138477,5669,5.0
136268,112288,3.0
138382,1969,3.0
138487,1296,5.0
137732,103075,3.0
137301,97188,2.5
137343,5513,1.0
138454,971,5.0
138449,2530,5.0
138464,1592,1.0
138449,1979,1.0
138469,1250,5.0
138123,5596,2.5
137885,2177,4.0
138475,909,3.0
138283,5691,2.0
138148,2180,2.5
138019,43708,4.0
138072,6053,3.0
136326,71533,3.5
138217,4190,3.0
138325,6777,5.0
137787,2623,1.0
138397,7070,4.0
136819,44844,0.5
138343,100714,3.5
135720,51520,0.5
138382,3837,3.0
127256,32342,3.0
138461,5685,2.5
137904,43333,3.0
138454,3538,3.0
137677,3597,2.0
138487,1475,4.0
138164,78116,4.5
138493,1073,5.0
138382,4685,3.0
138474,1503,4.0
138385,2932,5.0
138208,5391,3.0
138474,2500,4.0
138342,851,4.0
137879,102800,4.5
138472,44204,3.5
138444,2318,4.0
126395,6284,4.0
137031,114670,3.5
138493,27773,5.0
110357,94893,2.0
137855,85796,4.0
138208,1034,1.0
138343,74416,4.0
137717,93723,1.5
137879,96565,3.0
136363,92719,1.5
137280,31408,3.5
26138,126552,2.5
107640,84262,1.0
136804,3954,2.0
138301,91972,3.5
136875,79929,1.5
119157,129372,1.0
134800,91826,3.5
137879,112450,3.0
138325,26172,4.5
63072,106450,3.5
109622,98626,3.5
138475,2357,4.0
133198,4804,4.0
121535,49115,1.5
134800,89102,3.5
137996,33683,4.0
136268,88237,3.5
138459,34271,4.0
138469,910,5.0
138449,1980,1.0
138486,919,5.0
138457,1278,4.0
138235,58332,1.5
138490,1633,3.0
138283,6170,4.0
118955,98358,3.5
137366,4401,2.0
131894,25890,2.5
138489,3671,4.0
138449,1977,1.0
135806,106452,3.5
138487,3094,5.0
134567,50610,2.0
138437,27882,4.5
138325,65642,4.5
137294,57432,4.5
138441,899,5.0
136268,89523,3.0
127390,99787,3.0
131904,96941,1.5
138478,1042,4.0
138467,1984,3.0
138449,2533,5.0
138325,3467,4.5
117144,121155,4.0
138321,1611,3.0
138492,8784,5.0
138483,215,4.0
138454,3747,3.0
137573,33649,4.0
136268,60133,3.0
138177,96655,4.0
138164,6770,4.5
137879,103539,3.0
138301,59126,3.0
131904,65633,3.5
134219,86846,2.0
134567,79430,2.0
129583,74480,3.5
138246,3892,3.5
137802,72630,3.0
138208,85401,3.5
138490,1054,2.0
136957,52845,3.0
138437,47997,4.0
138437,52952,4.0
118205,91492,3.0
138270,1870,2.0
137202,8502,3.5
131904,114035,3.0
138464,4090,2.0
138474,1282,4.0
138382,1976,2.0
138382,1978,1.0
119048,46979,4.0
138254,65300,4.0
138487,1939,3.0
138208,4450,3.0
137993,5890,4.0
138406,57274,4.0
138454,2948,3.0
137993,3694,3.5
138417,1077,5.0
136268,121231,2.0
138379,3812,5.0
138489,1207,4.0
138485,3703,3.5
138461,3972,4.0
138459,2908,4.0
137360,93954,4.0
138493,44555,5.0
134506,93265,4.5
138475,3468,4.0
134567,25860,3.5
138419,6773,5.0
138450,1914,1.0
138457,6620,3.0
138459,8638,3.0
138419,4235,4.5
138211,7285,2.5
137976,1940,3.0
138437,78574,3.5
138325,7256,4.5
135984,8881,2.5
138437,33880,2.5
138301,80906,5.0
138474,3328,4.0
138301,49314,4.5
138404,5172,4.0
137343,8855,1.5
138208,48744,4.0
138325,61236,5.0
138301,55071,4.0
135186,127196,4.0
138201,55176,2.5
136724,85790,5.0
138307,31689,3.0
138208,4772,3.0
138450,1875,2.0
128309,87000,2.0
138317,4919,2.0
138148,33136,3.0
137277,57910,3.0
138072,2275,0.5
137546,33725,2.0
136816,80763,3.0
138219,2444,3.0
136268,128832,2.0
122319,80653,2.0
138246,58485,0.5
138019,43908,2.0
138208,47978,2.5
138235,66090,3.5
138103,68843,3.0
132195,70465,3.0
121535,38867,3.0
138325,92391,3.5
119157,105630,1.0
128781,75438,3.5
138440,1078,4.0
133811,74671,3.0
138475,25940,4.0
118955,102245,3.0
137202,103819,4.0
131965,106883,3.5
137746,8796,2.5
131904,63273,3.0
138411,4218,2.0
138162,6547,3.0
138166,78088,3.5
138208,87234,3.0
136268,108220,4.0
131904,90547,3.0
138437,60766,4.0
137805,80094,1.0
137717,73860,3.0
138455,1104,5.0
138477,750,4.0
138200,5818,4.0
138162,95558,3.0
138449,2531,5.0
138162,4028,5.0
136268,90868,2.5
131347,89074,4.0
134352,6505,3.0
133329,31900,4.0
138406,2922,4.0
121535,94917,4.0
131894,60479,4.5
138477,2692,5.0
137686,6063,4.0
136268,58706,2.0
138449,2532,5.0
138477,4903,4.0
137807,84189,3.5
138454,2891,3.0
137283,33817,3.5
136268,107883,2.5
136268,33832,3.0
138437,1934,3.0
138454,1944,4.0
138397,5440,3.5
127256,114980,2.5
129517,2584,5.0
138164,57792,4.0
131904,55132,3.5
138475,3730,3.5
137046,43762,3.0
116361,44892,3.5
138208,50685,4.0
138335,3444,4.0
138411,954,4.5
138483,175,4.0
138459,38886,3.5
138477,5222,5.0
138454,931,4.0
138483,233,5.0
138432,1916,4.0
138406,85788,3.5
138491,1965,3.5
138343,5319,4.0
138301,100436,4.5
138208,32584,3.0
137879,105037,2.5
138484,482,3.0
138208,5379,3.0
138208,58492,2.5
138436,4725,3.0
137717,55517,4.5
121535,95611,2.5
135186,57421,3.5
138475,3462,4.0
138208,5256,3.0
137277,66427,2.5
58483,130069,3.0
130767,38435,2.5
91193,80655,3.0
138406,73211,2.5
131904,72718,3.0
135828,102802,5.0
137277,113252,3.5
138436,41724,0.5
69261,103834,3.5
53930,117561,3.5
33323,118862,3.0
138493,594,4.0
136268,36436,3.0
132846,8688,2.0
137255,32314,4.0
136268,126775,3.0
138325,26152,4.5
138474,2542,5.0
138490,2360,3.0
138329,1051,5.0
105672,56574,4.0
138397,4691,4.0
135808,7157,3.5
137675,78321,3.5
115711,88194,4.0
138475,928,3.5
138382,1975,3.0
138325,1938,4.5
137677,4222,3.0
91643,120952,3.0
138454,2939,4.0
138325,1935,4.5
138467,1186,4.0
138486,8957,5.0
138437,5110,4.0
138493,5135,5.0
138477,3983,3.0
138317,2184,4.0
138477,3786,4.0
22323,102064,2.5
138477,1089,5.0
118205,53554,3.0
138492,1201,4.5
131651,96753,2.5
101154,6253,4.5
133246,100289,4.0
79366,107537,3.5
134567,42638,2.5
130806,76119,1.5
136770,48957,2.5
135952,33629,4.5
130767,82300,3.5
138437,37384,4.0
138307,40412,4.0
136819,6366,3.5
134690,72949,3.0
131347,94558,3.0
138437,93838,4.0
138489,912,5.0
137301,80844,3.5
123352,94661,4.5
138397,5410,4.5
138474,1954,5.0
138267,1948,3.0
138490,111,5.0
138382,1130,3.0
138449,2949,5.0
137360,94813,2.5
138486,3917,2.0
138011,36533,5.0
138283,3864,3.0
138472,78039,3.5
138472,42004,4.0
137417,91831,1.5
138034,8196,4.0
136806,5550,2.0
138325,45950,3.5
138397,8446,4.5
138493,58879,4.5
138280,97870,4.0
138472,71282,4.5
131651,93061,3.5
138474,2171,1.0
137717,114074,4.5
137417,90374,4.5
137717,109740,3.0
138208,60943,3.0
136268,103107,2.5
138270,1816,3.0
138208,803,3.0
138437,45928,4.5
137052,3914,5.0
138437,6755,4.5
137905,2305,4.0
135819,4243,4.0
138414,2325,2.5
138208,6159,4.0
138490,1563,4.0
138208,6334,3.5
122995,5176,4.0
124460,111387,2.5
130767,74827,3.0
138459,56715,2.0
137277,112804,3.0
137525,6689,2.5
136989,100556,4.0
138208,58191,3.0
119633,48626,0.5
126926,4739,4.0
137893,74370,3.0
138472,88118,5.0
137563,2128,2.0
131904,4747,1.5
137977,3905,4.0
34522,97615,3.5
120575,53416,1.5
137879,69251,3.0
134029,5950,4.0
134690,111290,4.5
135658,50183,5.0
117144,128544,1.5
95104,69159,1.5
124413,88192,4.0
137301,75404,0.5
108442,95658,3.5
107640,108280,1.5
115711,104408,4.0
122468,95179,3.0
105227,127585,4.0
138397,8147,4.0
115711,108599,4.0
134370,119966,3.5
138467,1945,2.0
134800,93946,3.5
137675,55069,4.0
138437,44974,3.5
137301,47830,1.5
136268,89997,2.5
138162,103624,4.0
137031,101529,4.0
138493,2018,3.5
136875,58622,3.5
137805,7260,4.0
137202,92665,3.5
137879,96314,3.0
125621,5793,2.0
138164,49330,3.5
138406,89759,5.0
138455,562,4.0
138390,523,5.0
138477,6268,4.0
138325,25763,4.5
136268,57357,3.0
137686,3318,4.0
136369,7455,5.0
88646,5676,2.5
53346,114492,1.0
138414,69275,2.5
138103,27816,4.0
138451,3363,4.5
127138,48389,3.0
138437,52462,4.0
138437,95088,3.5
135186,89837,3.0
138011,92309,5.0
138325,2925,4.5
133372,5819,3.0
137920,65817,2.0
138254,59738,3.0
138406,1283,4.5
138492,246,4.0
136593,33838,3.5
138208,4765,3.0
138457,47423,3.5
135101,2958,1.0
135033,1903,1.0
137031,105801,2.0
59414,90769,2.5
138390,945,5.0
138493,2710,3.0
138325,7836,4.5
138155,3760,4.0
60138,78698,2.5
137202,2703,4.0
138382,2863,1.0
134690,90355,4.0
135620,64114,5.0
138134,3672,3.0
138254,27822,5.0
137686,6848,3.5
138162,33639,4.0
138455,6867,4.0
138208,46850,3.0
138072,3327,4.0
138164,7177,2.5
138474,3790,5.0
138490,2725,5.0
138437,27838,2.5
137093,1659,2.0
135700,5467,3.0
130426,6697,3.0
136268,40887,3.0
138343,103801,3.5
131904,108660,3.5
138489,2019,5.0
78424,97868,4.5
130459,26775,2.0
137360,81132,3.5
131904,99768,3.0
133372,6207,3.0
138414,80917,4.0
125203,83897,5.0
135828,117594,2.5
130767,77736,3.5
131275,89590,4.5
59414,40275,3.5
127645,100356,2.0
119157,120580,0.5
119157,104431,1.0
138449,3693,3.0
138457,5632,3.5
138254,48342,4.0
135828,65310,5.0
138325,7080,4.5
138270,1966,4.0
136047,27857,4.0
138492,8376,4.5
136268,111384,3.5
138254,71379,4.0
138234,5325,4.5
138493,1136,5.0
137202,47778,3.5
131894,32015,3.0
137202,8938,3.5
137279,3970,5.0
138200,59421,3.5
104824,44782,3.0
138307,5367,3.5
125794,8975,2.0
100366,66553,4.0
138325,4422,5.0
138325,7243,5.0
138437,2693,4.5
137664,1926,5.0
138486,4105,5.0
137360,103219,4.0
138259,34153,5.0
137993,4566,1.5
136268,58610,3.0
138493,1203,4.0
131904,86604,3.5
138475,905,4.0
138325,77307,5.0
134653,6948,3.5
138490,3118,3.0
138484,188,3.0
138162,1571,4.0
138208,6881,3.0
137202,50259,3.5
138208,65418,4.0
88312,88423,1.0
138325,7748,5.0
131272,2127,2.0
138072,7991,4.0
99734,128727,1.5
131169,97792,2.0
131904,95690,3.0
135049,96612,3.0
138475,1639,3.5
138477,5450,3.0
138137,6288,4.0
138487,3046,4.0
138477,3794,3.0
138493,2232,5.0
138118,1493,4.0
137459,2189,5.0
133744,34330,3.5
138028,91079,5.0
137974,2865,2.0
114461,57996,3.0
131904,103996,3.0
108609,58530,3.5
137633,60735,4.0
138307,78349,3.5
135819,2578,4.0
137169,71468,4.0
130036,5716,2.0
74142,101301,0.5
138325,25751,5.0
138301,70728,2.5
112234,101220,3.0
136585,3903,5.0
136828,6657,2.0
138443,3702,4.0
138454,1060,1.0
138435,2951,4.5
138325,25801,3.5
136268,100038,3.0
95254,87790,2.5
136268,6647,1.0
135186,60044,3.5
102025,114652,3.5
138325,6981,5.0
132195,69842,2.5
138472,55908,5.0
131651,53885,5.0
112655,102119,4.5
138450,1900,2.0
134593,91199,3.5
137976,3422,3.0
138301,89039,4.0
138325,26257,2.0
138208,5485,2.0
138493,53123,4.0
130767,53847,3.0
134358,81629,4.5
138222,26133,5.0
138467,2064,4.0
137805,94799,2.0
137879,95135,3.5
132195,54248,3.0
122368,80487,4.5
131961,48711,1.5
138437,3676,4.0
138305,4116,2.5
138340,2310,3.0
125794,2954,3.0
137360,7266,4.5
137031,109742,3.5
138414,98122,4.0
134210,55343,4.0
137442,3348,2.5
117718,113790,5.0
138493,1921,5.0
136941,1850,2.0
138205,2492,3.0
138486,8464,3.0
136268,114760,2.0
138155,3833,2.0
130193,105157,3.5
132146,93819,3.5
138415,144,4.0
119757,112245,4.0
136268,82173,3.0
138325,43832,4.0
137301,112868,3.5
119157,104923,4.5
138208,5258,4.0
138146,3568,3.0
138492,5385,5.0
130767,79723,4.0
136816,47808,3.5
121535,102760,2.0
138487,223,5.0
136816,34314,4.0
138342,1594,5.0
91583,6490,3.5
134773,78655,0.5
138325,6978,4.5
132884,93267,3.0
138437,47793,4.5
125330,87964,4.5
124998,99487,1.5
138440,2361,3.0
136819,32988,4.0
138325,4252,5.0
138235,4645,3.0
127911,1697,1.0
138437,8914,5.0
138404,3267,4.5
133475,91829,4.0
136268,101294,1.5
136082,34767,2.0
